start_area,end_area,distance_km,time_of_day,day_of_week,weather_condition,traffic_density_level,road_type,average_speed_kmph,travel_time_minutes
Greater Kailash,Rohini,28.43,Morning Peak,Weekend,Clear,Very High,Highway,15.0,118.4
Model Town,Connaught Place,9.58,Afternoon,Weekday,Rain,High,Inner Road,8.0,79.6
Nehru Place,IGI Airport,14.99,Evening Peak,Weekend,Heatwave,High,Main Road,16.1,54.7
Noida Sector 18,Preet Vihar,8.57,Afternoon,Weekday,Clear,Medium,Main Road,43.8,12.3
Hauz Khas,Dwarka,15.78,Night,Weekend,Fog,Low,Highway,32.9,27.9
Janakpuri,Nehru Place,18.07,Afternoon,Weekend,Rain,Low,Highway,42.9,24.6
Vasant Kunj,Saket,4.88,Evening Peak,Weekend,Clear,High,Main Road,24.2,12.2
Preet Vihar,Civil Lines,7.88,Morning Peak,Weekday,Clear,High,Inner Road,12.0,41.0
Dwarka,Lajpat Nagar,18.84,Morning Peak,Weekday,Rain,Very High,Highway,11.8,94.5
Greater Kailash,Saket,3.66,Morning Peak,Weekday,Rain,Very High,Highway,12.1,17.7
Preet Vihar,Lajpat Nagar,9.58,Evening Peak,Weekend,Clear,Medium,Inner Road,25.4,24.8
Nehru Place,Chandni Chowk,11.5,Afternoon,Weekday,Clear,Medium,Main Road,29.4,24.6
Lajpat Nagar,Rajouri Garden,14.1,Night,Weekend,Clear,Low,Highway,59.8,14.9
Lajpat Nagar,Punjabi Bagh,15.06,Evening Peak,Weekday,Clear,High,Main Road,29.4,30.5
Kalkaji,Janakpuri,18.68,Morning Peak,Weekday,Clear,Very High,Highway,15.6,74.7
AIIMS,Nehru Place,4.68,Afternoon,Weekday,Heatwave,Medium,Inner Road,19.1,15.1
Karol Bagh,Pitampura,8.11,Morning Peak,Weekday,Rain,High,Main Road,14.5,33.4
Chandni Chowk,Okhla,13.88,Night,Weekend,Clear,Low,Highway,80.6,10.9
IGI Airport,Kalkaji,15.01,Night,Weekday,Clear,Medium,Highway,48.2,18.8
Mayur Vihar,Connaught Place,7.89,Afternoon,Weekend,Clear,Medium,Inner Road,27.2,17.5
Saket,IGI Airport,11.0,Afternoon,Weekday,Rain,High,Main Road,19.3,33.4
Greater Kailash,Saket,3.66,Morning Peak,Weekend,Heatwave,Medium,Inner Road,12.5,17.9
Civil Lines,Saket,17.43,Morning Peak,Weekday,Clear,Very High,Highway,17.4,58.7
Vasant Kunj,Connaught Place,13.75,Morning Peak,Weekday,Fog,High,Highway,20.7,40.8
Shahdara,Lajpat Nagar,12.53,Morning Peak,Weekday,Clear,Very High,Inner Road,9.1,92.1
Shahdara,Saket,18.39,Evening Peak,Weekday,Heatwave,Medium,Main Road,40.1,29.0
Pitampura,Janakpuri,10.13,Evening Peak,Weekday,Clear,High,Main Road,20.2,29.8
Rohini,Kalkaji,30.48,Evening Peak,Weekday,Clear,Medium,Highway,53.0,38.8
Chandni Chowk,Nehru Place,11.5,Evening Peak,Weekday,Clear,Medium,Main Road,32.9,21.6
Greater Kailash,Nehru Place,1.9,Evening Peak,Weekday,Clear,Very High,Inner Road,8.0,14.7
Punjabi Bagh,Karol Bagh,6.08,Night,Weekend,Rain,Low,Main Road,30.9,11.6
Rajouri Garden,Chandni Chowk,10.59,Morning Peak,Weekday,Clear,Medium,Main Road,36.7,18.2
IGI Airport,Civil Lines,18.43,Morning Peak,Weekday,Clear,High,Highway,43.3,27.5
Model Town,Hauz Khas,18.43,Morning Peak,Weekday,Fog,High,Highway,18.6,57.8
Saket,Punjabi Bagh,17.62,Evening Peak,Weekend,Clear,High,Main Road,22.3,46.0
Mayur Vihar,Noida Sector 18,5.74,Morning Peak,Weekday,Clear,High,Main Road,26.4,14.5
Dwarka,Punjabi Bagh,11.86,Evening Peak,Weekday,Rain,Very High,Inner Road,5.2,137.8
Janakpuri,Vasant Kunj,13.24,Afternoon,Weekday,Heatwave,Medium,Main Road,31.0,26.0
Rohini,Pitampura,8.97,Afternoon,Weekday,Clear,Medium,Inner Road,15.2,35.7
Vasant Kunj,IGI Airport,6.9,Afternoon,Weekday,Fog,Very High,Highway,10.8,42.6
Pitampura,Mayur Vihar,18.76,Evening Peak,Weekday,Clear,High,Main Road,21.9,59.1
Chandni Chowk,Rajouri Garden,10.59,Evening Peak,Weekday,Clear,High,Main Road,27.1,24.5
Greater Kailash,Chandni Chowk,11.55,Morning Peak,Weekday,Clear,High,Main Road,25.9,28.2
Rohini,Model Town,13.8,Morning Peak,Weekday,Clear,Medium,Main Road,42.8,19.5
Rohini,Lajpat Nagar,26.64,Evening Peak,Weekday,Rain,High,Highway,23.1,71.6
Hauz Khas,Rohini,26.29,Afternoon,Weekday,Rain,Medium,Inner Road,15.4,99.5
Vasant Kunj,Greater Kailash,8.11,Morning Peak,Weekday,Clear,High,Main Road,24.2,20.4
Kalkaji,Model Town,20.77,Morning Peak,Weekend,Clear,High,Main Road,17.7,70.3
Mayur Vihar,Connaught Place,7.89,Evening Peak,Weekday,Clear,High,Highway,37.9,12.3
Karol Bagh,Preet Vihar,10.02,Evening Peak,Weekend,Heatwave,Medium,Highway,63.9,10.2
Pitampura,Rajouri Garden,6.43,Afternoon,Weekday,Clear,High,Main Road,24.5,16.3
Rajouri Garden,Vasant Kunj,14.56,Evening Peak,Weekend,Heatwave,Very High,Main Road,10.7,82.1
IGI Airport,Noida Sector 18,22.12,Night,Weekday,Clear,Low,Main Road,58.2,23.6
Rajouri Garden,AIIMS,12.31,Night,Weekday,Clear,Low,Main Road,54.8,14.2
Dwarka,Civil Lines,20.04,Afternoon,Weekday,Clear,Medium,Main Road,38.8,30.8
AIIMS,Connaught Place,7.18,Night,Weekend,Clear,Medium,Main Road,39.5,11.1
Hauz Khas,Pitampura,18.42,Evening Peak,Weekend,Rain,Medium,Main Road,18.7,59.5
Punjabi Bagh,AIIMS,13.63,Night,Weekend,Clear,Medium,Highway,62.7,15.1
Kalkaji,Civil Lines,16.3,Evening Peak,Weekday,Clear,Medium,Highway,61.0,15.7
Karol Bagh,Saket,14.26,Evening Peak,Weekend,Clear,Low,Main Road,55.5,15.0
Rohini,Kalkaji,30.48,Evening Peak,Weekend,Heatwave,Medium,Main Road,38.1,56.1
Okhla,AIIMS,7.2,Evening Peak,Weekend,Clear,Low,Main Road,42.2,10.0
Greater Kailash,Chandni Chowk,11.55,Afternoon,Weekend,Clear,Low,Main Road,56.2,12.2
Lajpat Nagar,Karol Bagh,10.19,Night,Weekday,Fog,Low,Highway,49.4,12.7
Kalkaji,Okhla,1.94,Evening Peak,Weekday,Clear,High,Inner Road,16.5,7.7
Punjabi Bagh,Preet Vihar,16.03,Morning Peak,Weekday,Clear,Medium,Main Road,34.1,30.5
Okhla,Nehru Place,2.67,Night,Weekend,Clear,Medium,Main Road,37.6,4.2
Mayur Vihar,Dwarka,24.43,Afternoon,Weekday,Heatwave,High,Inner Road,12.5,116.5
Karol Bagh,Shahdara,9.9,Night,Weekday,Heatwave,High,Inner Road,15.1,41.2
Nehru Place,Noida Sector 18,7.47,Evening Peak,Weekend,Rain,Medium,Inner Road,15.9,28.6
Chandni Chowk,Okhla,13.88,Evening Peak,Weekday,Heatwave,Low,Main Road,52.0,16.2
Vasant Kunj,Karol Bagh,15.08,Afternoon,Weekday,Clear,Medium,Main Road,42.9,21.3
Rohini,AIIMS,25.2,Evening Peak,Weekday,Rain,Very High,Highway,12.6,123.2
AIIMS,IGI Airport,10.81,Morning Peak,Weekday,Clear,Very High,Highway,20.5,32.4
Punjabi Bagh,Dwarka,11.86,Evening Peak,Weekday,Rain,Very High,Main Road,10.2,79.0
Connaught Place,Chandni Chowk,2.54,Evening Peak,Weekday,Clear,High,Inner Road,14.2,10.8
Nehru Place,Punjabi Bagh,17.83,Night,Weekday,Clear,Medium,Highway,62.7,16.7
Dwarka,Hauz Khas,15.78,Afternoon,Weekend,Clear,Medium,Main Road,28.2,35.0
Connaught Place,Shahdara,8.44,Morning Peak,Weekend,Rain,Medium,Main Road,28.3,18.6
Chandni Chowk,Dwarka,19.18,Evening Peak,Weekday,Clear,Very High,Main Road,12.0,93.1
Preet Vihar,Civil Lines,7.88,Morning Peak,Weekday,Heatwave,Very High,Inner Road,8.0,58.2
IGI Airport,Janakpuri,7.4,Evening Peak,Weekday,Clear,High,Main Road,20.7,21.8
IGI Airport,Punjabi Bagh,12.83,Evening Peak,Weekday,Clear,High,Main Road,27.2,28.1
Vasant Kunj,Chandni Chowk,16.27,Afternoon,Weekday,Heatwave,Medium,Highway,51.4,19.7
Greater Kailash,Pitampura,20.1,Morning Peak,Weekday,Clear,High,Highway,37.3,33.9
Nehru Place,Karol Bagh,12.97,Morning Peak,Weekday,Clear,Very High,Highway,15.8,49.6
Dwarka,Pitampura,15.04,Evening Peak,Weekday,Heatwave,High,Main Road,28.3,33.1
Pitampura,Chandni Chowk,11.29,Evening Peak,Weekend,Clear,Medium,Highway,51.5,13.6
Model Town,IGI Airport,19.83,Night,Weekend,Clear,Low,Main Road,38.7,30.9
Civil Lines,Vasant Kunj,19.08,Morning Peak,Weekend,Clear,Low,Highway,61.3,19.5
Karol Bagh,Janakpuri,10.56,Afternoon,Weekday,Clear,High,Main Road,26.5,24.8
Chandni Chowk,Civil Lines,3.35,Morning Peak,Weekday,Clear,Low,Inner Road,29.2,7.1
IGI Airport,Model Town,19.83,Afternoon,Weekend,Clear,Medium,Inner Road,27.4,45.4
Punjabi Bagh,Saket,17.62,Afternoon,Weekday,Fog,High,Main Road,15.6,70.3
Vasant Kunj,Janakpuri,13.24,Evening Peak,Weekday,Clear,High,Main Road,18.0,45.2
Vasant Kunj,Lajpat Nagar,9.65,Afternoon,Weekend,Rain,Medium,Main Road,32.2,18.4
Rohini,Pitampura,8.97,Evening Peak,Weekday,Clear,High,Main Road,20.4,25.8
Civil Lines,Janakpuri,14.89,Evening Peak,Weekday,Clear,High,Highway,41.4,21.3
Shahdara,Connaught Place,8.44,Afternoon,Weekday,Rain,Medium,Main Road,29.1,17.6
Nehru Place,Vasant Kunj,9.97,Night,Weekday,Clear,Low,Main Road,60.2,10.2
Pitampura,Nehru Place,20.88,Evening Peak,Weekday,Clear,Very High,Main Road,10.1,123.3
Pitampura,AIIMS,17.0,Afternoon,Weekend,Clear,Medium,Main Road,41.2,24.5
Punjabi Bagh,Janakpuri,6.67,Afternoon,Weekday,Fog,High,Highway,21.2,18.5
Dwarka,Lajpat Nagar,18.84,Evening Peak,Weekday,Fog,Medium,Highway,29.3,38.5
Karol Bagh,Rajouri Garden,6.66,Evening Peak,Weekend,Clear,High,Main Road,27.4,14.3
Kalkaji,Saket,4.6,Morning Peak,Weekday,Clear,High,Inner Road,16.6,17.2
Pitampura,Kalkaji,22.07,Evening Peak,Weekday,Clear,High,Highway,36.3,35.9
Noida Sector 18,Mayur Vihar,5.74,Afternoon,Weekday,Clear,High,Inner Road,10.7,34.0
Saket,Hauz Khas,2.85,Morning Peak,Weekday,Rain,Very High,Inner Road,4.9,36.7
Model Town,Shahdara,10.5,Evening Peak,Weekday,Clear,Low,Main Road,44.2,14.6
Civil Lines,IGI Airport,18.43,Afternoon,Weekday,Heatwave,Very High,Highway,17.8,73.1
AIIMS,Civil Lines,12.66,Morning Peak,Weekday,Fog,Medium,Main Road,19.1,44.3
Hauz Khas,Connaught Place,9.27,Evening Peak,Weekday,Fog,Very High,Main Road,5.2,109.4
Preet Vihar,Noida Sector 18,8.57,Afternoon,Weekday,Clear,Medium,Main Road,34.4,15.4
Kalkaji,IGI Airport,15.01,Evening Peak,Weekday,Heatwave,High,Main Road,18.8,49.7
Hauz Khas,Vasant Kunj,5.36,Evening Peak,Weekday,Clear,Very High,Highway,19.6,17.0
Chandni Chowk,Mayur Vihar,7.47,Evening Peak,Weekday,Fog,Low,Highway,38.3,12.2
Janakpuri,Preet Vihar,20.09,Night,Weekday,Fog,Low,Main Road,32.1,39.1
Civil Lines,Kalkaji,16.3,Evening Peak,Weekday,Heatwave,High,Inner Road,15.9,60.1
Kalkaji,Janakpuri,18.68,Evening Peak,Weekend,Clear,Medium,Highway,65.5,20.1
Rohini,Punjabi Bagh,11.6,Evening Peak,Weekday,Clear,Medium,Inner Road,18.4,43.8
Civil Lines,Noida Sector 18,15.73,Afternoon,Weekday,Clear,Low,Highway,85.4,11.3
IGI Airport,Okhla,16.94,Evening Peak,Weekday,Clear,Very High,Main Road,13.3,75.5
Dwarka,Shahdara,25.37,Afternoon,Weekday,Heatwave,Medium,Highway,55.3,32.4
Vasant Kunj,Noida Sector 18,17.44,Afternoon,Weekend,Clear,High,Main Road,24.5,44.7
Shahdara,Karol Bagh,9.9,Night,Weekday,Fog,Medium,Inner Road,13.0,46.9
Karol Bagh,Civil Lines,4.62,Morning Peak,Weekday,Clear,High,Inner Road,19.6,14.2
IGI Airport,Okhla,16.94,Evening Peak,Weekend,Clear,Low,Highway,79.8,12.7
AIIMS,Karol Bagh,9.61,Evening Peak,Weekday,Clear,High,Main Road,22.9,25.5
Karol Bagh,Punjabi Bagh,6.08,Morning Peak,Weekday,Clear,High,Main Road,25.7,14.2
Connaught Place,Chandni Chowk,2.54,Morning Peak,Weekend,Clear,High,Inner Road,11.4,13.2
Shahdara,Vasant Kunj,21.4,Evening Peak,Weekend,Clear,Low,Highway,74.5,18.3
Shahdara,AIIMS,14.08,Evening Peak,Weekend,Clear,Medium,Inner Road,27.7,31.7
Nehru Place,Connaught Place,9.83,Afternoon,Weekday,Clear,High,Main Road,29.0,21.5
Saket,Janakpuri,15.88,Morning Peak,Weekday,Clear,High,Main Road,24.5,43.7
Karol Bagh,Okhla,15.59,Afternoon,Weekday,Clear,Low,Highway,71.3,12.8
Model Town,Pitampura,5.98,Evening Peak,Weekday,Heatwave,Very High,Inner Road,7.9,51.3
Hauz Khas,Shahdara,16.26,Afternoon,Weekday,Clear,Medium,Highway,59.8,17.1
Karol Bagh,Civil Lines,4.62,Evening Peak,Weekday,Clear,Medium,Inner Road,16.9,16.8
Rajouri Garden,Shahdara,16.5,Evening Peak,Weekend,Rain,Low,Main Road,39.3,24.5
Nehru Place,Pitampura,20.88,Afternoon,Weekday,Clear,Medium,Highway,65.8,19.8
Lajpat Nagar,Karol Bagh,10.19,Evening Peak,Weekday,Rain,Very High,Main Road,9.4,67.0
Dwarka,Lajpat Nagar,18.84,Morning Peak,Weekday,Clear,High,Main Road,18.0,62.4
Noida Sector 18,Preet Vihar,8.57,Morning Peak,Weekday,Clear,Very High,Main Road,14.1,38.0
Nehru Place,Civil Lines,14.85,Morning Peak,Weekend,Clear,Low,Highway,86.7,10.2
Greater Kailash,Okhla,4.03,Afternoon,Weekday,Rain,High,Main Road,16.1,15.0
Mayur Vihar,Noida Sector 18,5.74,Morning Peak,Weekday,Rain,Low,Main Road,38.7,8.7
Kalkaji,Mayur Vihar,9.67,Afternoon,Weekday,Fog,Low,Main Road,30.5,19.8
Connaught Place,IGI Airport,14.14,Night,Weekend,Heatwave,Low,Main Road,38.1,22.6
Okhla,Civil Lines,17.22,Evening Peak,Weekday,Rain,High,Inner Road,13.7,77.9
Lajpat Nagar,Punjabi Bagh,15.06,Afternoon,Weekday,Clear,Medium,Highway,59.7,15.5
Lajpat Nagar,Shahdara,12.53,Afternoon,Weekday,Rain,Medium,Main Road,27.1,31.1
Chandni Chowk,Karol Bagh,3.94,Evening Peak,Weekday,Heatwave,Very High,Highway,21.0,11.4
Karol Bagh,Okhla,15.59,Afternoon,Weekday,Heatwave,Medium,Highway,48.8,22.1
Noida Sector 18,Greater Kailash,9.35,Evening Peak,Weekday,Heatwave,Medium,Main Road,26.3,21.2
Greater Kailash,Chandni Chowk,11.55,Afternoon,Weekday,Clear,Medium,Main Road,38.2,19.7
Okhla,Punjabi Bagh,20.5,Night,Weekday,Clear,Low,Main Road,35.0,35.0
Noida Sector 18,Saket,12.72,Afternoon,Weekend,Clear,Medium,Highway,47.2,16.4
Punjabi Bagh,IGI Airport,12.83,Afternoon,Weekend,Rain,Medium,Inner Road,15.8,50.3
Noida Sector 18,Vasant Kunj,17.44,Morning Peak,Weekend,Clear,High,Inner Road,17.9,60.4
Karol Bagh,Lajpat Nagar,10.19,Evening Peak,Weekday,Heatwave,Very High,Main Road,12.7,52.4
Shahdara,Nehru Place,14.22,Morning Peak,Weekday,Clear,Very High,Main Road,9.6,90.5
Noida Sector 18,Shahdara,12.02,Afternoon,Weekday,Fog,Very High,Highway,8.9,83.5
Saket,Vasant Kunj,4.88,Afternoon,Weekday,Clear,High,Inner Road,13.3,24.0
Connaught Place,Punjabi Bagh,9.3,Afternoon,Weekday,Clear,Medium,Inner Road,13.1,46.4
Kalkaji,Hauz Khas,5.29,Evening Peak,Weekend,Fog,High,Main Road,13.4,27.0
Chandni Chowk,Okhla,13.88,Afternoon,Weekend,Clear,Low,Highway,75.9,11.0
Lajpat Nagar,Greater Kailash,2.6,Morning Peak,Weekday,Clear,Very High,Inner Road,8.6,17.6
Pitampura,Janakpuri,10.13,Afternoon,Weekday,Clear,Very High,Inner Road,8.1,73.5
IGI Airport,Rohini,21.91,Evening Peak,Weekday,Clear,Very High,Inner Road,8.2,158.3
Model Town,Shahdara,10.5,Morning Peak,Weekday,Rain,Very High,Highway,12.0,59.2
Shahdara,Hauz Khas,16.26,Evening Peak,Weekday,Heatwave,Very High,Highway,17.9,53.7
Pitampura,Vasant Kunj,20.67,Morning Peak,Weekend,Heatwave,Low,Highway,64.9,18.8
Hauz Khas,Model Town,18.43,Evening Peak,Weekday,Clear,Very High,Highway,21.4,53.1
Rohini,Dwarka,17.53,Morning Peak,Weekend,Clear,High,Main Road,28.7,37.2
Kalkaji,Civil Lines,16.3,Morning Peak,Weekend,Clear,Medium,Highway,53.1,19.7
Rohini,Civil Lines,18.15,Afternoon,Weekday,Clear,High,Highway,41.9,26.8
Model Town,Rohini,13.8,Afternoon,Weekday,Rain,Medium,Main Road,30.0,31.7
Chandni Chowk,AIIMS,9.5,Afternoon,Weekday,Heatwave,Medium,Main Road,34.0,17.3
Mayur Vihar,Model Town,15.05,Morning Peak,Weekday,Clear,High,Highway,43.9,20.7
Rajouri Garden,Chandni Chowk,10.59,Morning Peak,Weekday,Heatwave,Medium,Highway,58.7,11.4
Karol Bagh,Vasant Kunj,15.08,Morning Peak,Weekday,Fog,Very High,Highway,12.2,78.3
Greater Kailash,AIIMS,3.26,Morning Peak,Weekday,Clear,Very High,Main Road,10.5,18.4
Connaught Place,AIIMS,7.18,Evening Peak,Weekend,Heatwave,High,Inner Road,7.7,54.9
Greater Kailash,Nehru Place,1.9,Afternoon,Weekend,Fog,High,Inner Road,8.2,14.1
Shahdara,Dwarka,25.37,Morning Peak,Weekend,Heatwave,Medium,Highway,49.0,31.1
Chandni Chowk,Okhla,13.88,Afternoon,Weekday,Clear,Medium,Main Road,41.1,20.1
Model Town,Saket,21.24,Evening Peak,Weekday,Heatwave,Very High,Inner Road,8.4,158.5
Kalkaji,Civil Lines,16.3,Evening Peak,Weekday,Clear,Medium,Main Road,44.9,22.4
Rajouri Garden,Mayur Vihar,17.23,Evening Peak,Weekend,Clear,Medium,Main Road,29.8,34.7
Rohini,IGI Airport,21.91,Morning Peak,Weekday,Clear,High,Highway,41.7,31.3
Rajouri Garden,Shahdara,16.5,Morning Peak,Weekday,Rain,High,Main Road,17.7,54.8
Mayur Vihar,Kalkaji,9.67,Afternoon,Weekday,Fog,High,Highway,21.4,26.5
Preet Vihar,Lajpat Nagar,9.58,Evening Peak,Weekday,Heatwave,High,Main Road,25.9,23.2
Nehru Place,Dwarka,20.8,Afternoon,Weekday,Clear,Very High,Highway,20.0,63.4
Vasant Kunj,Preet Vihar,18.93,Afternoon,Weekday,Clear,Low,Main Road,59.6,21.4
Vasant Kunj,Okhla,11.21,Evening Peak,Weekday,Rain,High,Main Road,16.4,41.0
Greater Kailash,Dwarka,19.04,Afternoon,Weekday,Clear,Medium,Highway,63.0,18.8
Rajouri Garden,Janakpuri,4.38,Evening Peak,Weekend,Fog,High,Inner Road,8.4,30.6
Greater Kailash,Dwarka,19.04,Evening Peak,Weekday,Clear,High,Highway,38.4,31.3
Nehru Place,IGI Airport,14.99,Evening Peak,Weekend,Rain,Very High,Main Road,8.7,108.9
Nehru Place,Karol Bagh,12.97,Evening Peak,Weekday,Clear,Very High,Inner Road,9.8,87.5
Noida Sector 18,IGI Airport,22.12,Afternoon,Weekend,Clear,Very High,Highway,20.7,67.3
Kalkaji,Connaught Place,11.2,Morning Peak,Weekday,Fog,Very High,Highway,11.2,71.3
Janakpuri,Lajpat Nagar,15.7,Afternoon,Weekday,Clear,Low,Main Road,46.0,20.3
Model Town,IGI Airport,19.83,Evening Peak,Weekday,Heatwave,Very High,Highway,16.4,74.0
Noida Sector 18,Janakpuri,23.96,Night,Weekday,Heatwave,Low,Highway,61.6,26.5
Rajouri Garden,Connaught Place,9.35,Morning Peak,Weekday,Clear,Very High,Main Road,11.8,46.8
Pitampura,Mayur Vihar,18.76,Afternoon,Weekday,Clear,Medium,Highway,49.4,22.7
IGI Airport,Connaught Place,14.14,Afternoon,Weekend,Clear,Very High,Highway,20.0,44.3
Janakpuri,Preet Vihar,20.09,Afternoon,Weekday,Heatwave,Medium,Highway,50.1,24.6
Lajpat Nagar,Dwarka,18.84,Afternoon,Weekend,Clear,Medium,Highway,47.1,23.6
Preet Vihar,AIIMS,11.51,Evening Peak,Weekday,Clear,Very High,Main Road,11.2,68.5
Karol Bagh,Janakpuri,10.56,Night,Weekday,Clear,Low,Main Road,43.6,14.7
Model Town,Punjabi Bagh,7.93,Evening Peak,Weekday,Clear,Very High,Main Road,9.2,53.1
Punjabi Bagh,Preet Vihar,16.03,Morning Peak,Weekday,Clear,Very High,Highway,19.8,48.9
Lajpat Nagar,Chandni Chowk,8.98,Evening Peak,Weekend,Heatwave,Medium,Main Road,38.4,16.9
Greater Kailash,Civil Lines,14.87,Evening Peak,Weekday,Clear,Very High,Highway,18.9,46.9
Punjabi Bagh,Hauz Khas,14.84,Afternoon,Weekday,Heatwave,Low,Main Road,43.5,21.6
Shahdara,Rajouri Garden,16.5,Afternoon,Weekday,Rain,High,Highway,27.2,36.7
Janakpuri,Saket,15.88,Afternoon,Weekend,Clear,Low,Main Road,53.1,17.5
Punjabi Bagh,Dwarka,11.86,Evening Peak,Weekday,Clear,Very High,Main Road,13.3,55.3
Preet Vihar,Dwarka,24.67,Afternoon,Weekend,Rain,Medium,Highway,42.9,36.2
IGI Airport,Dwarka,6.61,Evening Peak,Weekend,Clear,Very High,Main Road,11.7,33.0
Vasant Kunj,Mayur Vihar,17.08,Evening Peak,Weekday,Clear,Very High,Main Road,14.5,73.1
Shahdara,Greater Kailash,15.04,Evening Peak,Weekday,Clear,High,Main Road,22.3,42.9
Karol Bagh,AIIMS,9.61,Morning Peak,Weekday,Heatwave,High,Inner Road,10.9,55.6
Nehru Place,Preet Vihar,10.93,Afternoon,Weekend,Clear,Low,Highway,60.6,10.9
Kalkaji,Connaught Place,11.2,Night,Weekday,Clear,Low,Inner Road,33.7,19.4
Noida Sector 18,Hauz Khas,12.51,Morning Peak,Weekday,Clear,High,Main Road,19.0,41.2
Janakpuri,Noida Sector 18,23.96,Evening Peak,Weekday,Clear,High,Highway,29.1,51.8
Rajouri Garden,Preet Vihar,16.6,Evening Peak,Weekday,Clear,High,Main Road,25.8,40.2
Karol Bagh,Preet Vihar,10.02,Morning Peak,Weekday,Clear,High,Main Road,27.3,22.5
Rajouri Garden,AIIMS,12.31,Night,Weekday,Clear,Medium,Highway,67.9,10.9
Hauz Khas,Karol Bagh,11.44,Afternoon,Weekday,Clear,Medium,Main Road,30.8,23.1
Nehru Place,Kalkaji,1.51,Evening Peak,Weekday,Clear,Very High,Inner Road,9.5,9.5
Noida Sector 18,Rajouri Garden,21.63,Afternoon,Weekend,Fog,Medium,Main Road,20.0,67.0
Kalkaji,Shahdara,15.71,Evening Peak,Weekday,Rain,Very High,Inner Road,5.2,176.2
Nehru Place,Punjabi Bagh,17.83,Evening Peak,Weekend,Clear,High,Main Road,27.7,39.8
Noida Sector 18,Chandni Chowk,12.9,Morning Peak,Weekday,Fog,Very High,Main Road,7.8,114.9
Connaught Place,Greater Kailash,9.57,Evening Peak,Weekend,Clear,High,Main Road,18.4,34.6
Shahdara,Janakpuri,20.44,Evening Peak,Weekday,Clear,High,Highway,33.8,37.3
Rajouri Garden,Preet Vihar,16.6,Morning Peak,Weekday,Heatwave,Low,Inner Road,35.3,28.4
Mayur Vihar,IGI Airport,20.09,Night,Weekend,Clear,Low,Highway,62.0,20.4
AIIMS,Model Town,16.52,Evening Peak,Weekday,Heatwave,High,Main Road,22.3,44.0
Noida Sector 18,Chandni Chowk,12.9,Afternoon,Weekday,Fog,Medium,Highway,35.1,21.7
Shahdara,AIIMS,14.08,Afternoon,Weekday,Rain,Medium,Main Road,25.1,35.6
Mayur Vihar,Pitampura,18.76,Morning Peak,Weekday,Clear,Very High,Main Road,11.5,97.9
Rohini,Okhla,32.09,Night,Weekday,Clear,Low,Highway,62.0,32.4
Okhla,Pitampura,23.54,Evening Peak,Weekend,Clear,High,Highway,34.6,41.1
Greater Kailash,AIIMS,3.26,Afternoon,Weekday,Clear,Medium,Main Road,26.5,7.4
Nehru Place,Dwarka,20.8,Night,Weekend,Heatwave,Medium,Main Road,35.3,37.4
Rajouri Garden,Mayur Vihar,17.23,Evening Peak,Weekday,Heatwave,Very High,Main Road,10.4,101.3
Punjabi Bagh,Greater Kailash,16.84,Evening Peak,Weekday,Clear,Very High,Highway,18.9,55.9
Civil Lines,Noida Sector 18,15.73,Morning Peak,Weekday,Clear,Very High,Main Road,11.8,80.9
Preet Vihar,Shahdara,3.56,Evening Peak,Weekend,Rain,Low,Inner Road,12.3,19.3
Saket,Punjabi Bagh,17.62,Morning Peak,Weekend,Heatwave,Medium,Main Road,37.1,29.8
AIIMS,Rajouri Garden,12.31,Afternoon,Weekend,Rain,Medium,Main Road,20.8,37.1
Civil Lines,Connaught Place,5.49,Afternoon,Weekday,Clear,Medium,Inner Road,23.9,14.4
Dwarka,Shahdara,25.37,Evening Peak,Weekday,Clear,High,Highway,34.2,44.0
Punjabi Bagh,Rohini,11.6,Evening Peak,Weekend,Clear,Medium,Main Road,41.2,17.0
Karol Bagh,Vasant Kunj,15.08,Afternoon,Weekday,Rain,Medium,Highway,32.3,30.7
Noida Sector 18,Rajouri Garden,21.63,Morning Peak,Weekday,Heatwave,Very High,Highway,14.8,97.4
Greater Kailash,Pitampura,20.1,Morning Peak,Weekday,Clear,High,Highway,39.4,30.3
Rajouri Garden,Karol Bagh,6.66,Night,Weekday,Clear,Medium,Inner Road,14.9,28.2
Hauz Khas,Karol Bagh,11.44,Night,Weekday,Clear,Medium,Main Road,41.6,16.3
Model Town,Dwarka,19.78,Afternoon,Weekday,Rain,High,Main Road,16.7,69.8
Okhla,Preet Vihar,12.45,Night,Weekday,Rain,Medium,Main Road,18.9,39.5
Hauz Khas,Mayur Vihar,11.72,Evening Peak,Weekday,Heatwave,Low,Highway,81.9,10.0
Karol Bagh,Noida Sector 18,16.06,Afternoon,Weekday,Rain,High,Main Road,15.5,66.3
AIIMS,Connaught Place,7.18,Evening Peak,Weekday,Clear,High,Inner Road,11.8,37.4
Preet Vihar,Rajouri Garden,16.6,Morning Peak,Weekday,Clear,Very High,Main Road,9.5,105.6
Kalkaji,Mayur Vihar,9.67,Afternoon,Weekday,Clear,Very High,Main Road,12.3,46.6
Okhla,Noida Sector 18,6.92,Night,Weekend,Rain,Low,Highway,57.5,7.1
Lajpat Nagar,Hauz Khas,4.29,Evening Peak,Weekday,Heatwave,Very High,Main Road,12.9,20.5
Rohini,Saket,29.0,Afternoon,Weekday,Heatwave,Very High,Highway,20.4,88.4
Kalkaji,Connaught Place,11.2,Afternoon,Weekend,Clear,Medium,Highway,48.7,14.3
Preet Vihar,Noida Sector 18,8.57,Evening Peak,Weekday,Clear,High,Main Road,24.8,21.0
Civil Lines,IGI Airport,18.43,Afternoon,Weekend,Clear,Medium,Highway,58.9,21.0
AIIMS,Connaught Place,7.18,Night,Weekend,Clear,Low,Main Road,40.2,10.6
Kalkaji,Karol Bagh,14.25,Evening Peak,Weekday,Clear,Very High,Highway,14.8,56.8
Connaught Place,Noida Sector 18,12.67,Evening Peak,Weekday,Clear,Medium,Main Road,42.4,17.7
Dwarka,Pitampura,15.04,Morning Peak,Weekend,Fog,Medium,Main Road,23.5,37.5
Mayur Vihar,Kalkaji,9.67,Morning Peak,Weekday,Clear,Medium,Main Road,41.6,14.5
Preet Vihar,Noida Sector 18,8.57,Morning Peak,Weekday,Clear,High,Main Road,25.3,23.7
Connaught Place,Preet Vihar,7.48,Afternoon,Weekday,Heatwave,High,Main Road,20.1,23.4
Model Town,Janakpuri,14.54,Afternoon,Weekday,Clear,High,Main Road,23.0,37.1
Kalkaji,Civil Lines,16.3,Night,Weekday,Clear,High,Inner Road,13.2,72.3
Pitampura,Karol Bagh,8.11,Evening Peak,Weekday,Clear,Very High,Inner Road,7.7,65.7
Vasant Kunj,IGI Airport,6.9,Morning Peak,Weekday,Clear,Very High,Main Road,13.8,29.2
Dwarka,Rohini,17.53,Afternoon,Weekday,Clear,High,Highway,37.0,30.0
Rajouri Garden,Punjabi Bagh,2.52,Morning Peak,Weekday,Rain,High,Inner Road,8.3,18.6
Karol Bagh,Model Town,7.02,Evening Peak,Weekday,Fog,Low,Main Road,29.5,14.2
Saket,Civil Lines,17.43,Evening Peak,Weekend,Clear,High,Highway,35.0,31.5
Okhla,Model Town,21.87,Evening Peak,Weekday,Clear,High,Main Road,23.1,58.5
Punjabi Bagh,IGI Airport,12.83,Afternoon,Weekday,Clear,Low,Main Road,38.8,19.5
Vasant Kunj,Pitampura,20.67,Afternoon,Weekday,Rain,Medium,Main Road,28.9,42.2
Greater Kailash,Vasant Kunj,8.11,Afternoon,Weekday,Fog,High,Main Road,13.8,34.6
Rohini,Model Town,13.8,Morning Peak,Weekday,Clear,High,Inner Road,18.0,46.1
Saket,Rohini,29.0,Evening Peak,Weekday,Clear,Very High,Main Road,12.4,146.4
Shahdara,IGI Airport,22.57,Afternoon,Weekend,Clear,Medium,Highway,49.6,28.1
Noida Sector 18,Vasant Kunj,17.44,Afternoon,Weekday,Clear,High,Main Road,30.7,34.8
Pitampura,Hauz Khas,18.42,Evening Peak,Weekend,Rain,High,Inner Road,8.4,134.7
Lajpat Nagar,Okhla,5.46,Afternoon,Weekday,Clear,High,Main Road,22.5,14.5
Greater Kailash,Preet Vihar,11.95,Evening Peak,Weekend,Fog,Low,Main Road,22.1,32.8
Shahdara,Chandni Chowk,6.2,Afternoon,Weekday,Fog,Medium,Main Road,18.8,19.8
Vasant Kunj,AIIMS,7.41,Evening Peak,Weekday,Fog,Low,Main Road,24.6,18.0
Lajpat Nagar,Civil Lines,12.32,Evening Peak,Weekday,Clear,Very High,Main Road,8.8,83.8
Greater Kailash,Punjabi Bagh,16.84,Morning Peak,Weekend,Clear,Medium,Inner Road,24.2,45.6
Noida Sector 18,Pitampura,24.06,Evening Peak,Weekday,Heatwave,Very High,Highway,15.4,97.1
Karol Bagh,Lajpat Nagar,10.19,Afternoon,Weekday,Clear,Medium,Highway,49.9,12.6
Connaught Place,Dwarka,17.23,Morning Peak,Weekday,Clear,Very High,Main Road,11.3,103.4
Hauz Khas,AIIMS,2.2,Morning Peak,Weekend,Rain,High,Inner Road,8.4,15.5
Mayur Vihar,Shahdara,6.61,Afternoon,Weekday,Clear,Medium,Highway,52.4,7.4
AIIMS,Dwarka,16.25,Evening Peak,Weekday,Clear,Medium,Main Road,43.9,21.8
AIIMS,Lajpat Nagar,2.68,Evening Peak,Weekday,Clear,High,Inner Road,8.1,20.3
Connaught Place,Rajouri Garden,9.35,Afternoon,Weekday,Fog,High,Main Road,11.3,51.0
IGI Airport,Connaught Place,14.14,Night,Weekday,Clear,High,Highway,31.4,27.7
Punjabi Bagh,Mayur Vihar,17.1,Morning Peak,Weekday,Clear,Very High,Main Road,9.9,103.7
IGI Airport,Noida Sector 18,22.12,Afternoon,Weekend,Clear,Low,Main Road,58.1,23.3
Lajpat Nagar,Greater Kailash,2.6,Morning Peak,Weekend,Clear,High,Main Road,27.3,5.8
Pitampura,Lajpat Nagar,18.08,Afternoon,Weekday,Rain,High,Highway,26.3,41.8
Saket,Mayur Vihar,13.17,Evening Peak,Weekday,Clear,Medium,Highway,46.0,17.3
Noida Sector 18,Greater Kailash,9.35,Evening Peak,Weekday,Heatwave,High,Main Road,25.4,22.1
Shahdara,Karol Bagh,9.9,Afternoon,Weekday,Clear,Very High,Highway,18.2,35.7
Dwarka,Noida Sector 18,27.45,Evening Peak,Weekday,Fog,Medium,Main Road,21.1,79.5
AIIMS,Civil Lines,12.66,Morning Peak,Weekday,Clear,High,Main Road,22.1,35.8
Rajouri Garden,Punjabi Bagh,2.52,Evening Peak,Weekday,Heatwave,High,Highway,40.6,3.7
Preet Vihar,Shahdara,3.56,Afternoon,Weekend,Heatwave,Medium,Inner Road,19.6,10.8
Connaught Place,Punjabi Bagh,9.3,Afternoon,Weekday,Clear,Low,Main Road,42.3,13.8
Dwarka,Vasant Kunj,13.52,Evening Peak,Weekday,Heatwave,Very High,Highway,15.3,58.5
Janakpuri,Dwarka,5.26,Evening Peak,Weekend,Clear,Medium,Highway,51.7,6.1
Mayur Vihar,Greater Kailash,9.55,Morning Peak,Weekday,Clear,Very High,Main Road,12.4,45.4
Civil Lines,Connaught Place,5.49,Morning Peak,Weekday,Heatwave,High,Inner Road,9.1,37.6
Noida Sector 18,IGI Airport,22.12,Morning Peak,Weekday,Heatwave,Low,Inner Road,18.2,82.7
Hauz Khas,Kalkaji,5.29,Evening Peak,Weekday,Clear,High,Inner Road,16.3,20.2
Rohini,Dwarka,17.53,Morning Peak,Weekday,Clear,High,Main Road,24.8,43.5
Civil Lines,Karol Bagh,4.62,Morning Peak,Weekend,Clear,High,Inner Road,11.9,23.0
Noida Sector 18,Nehru Place,7.47,Evening Peak,Weekday,Fog,High,Main Road,16.9,27.8
Model Town,Preet Vihar,12.75,Afternoon,Weekday,Clear,High,Inner Road,12.0,63.5
Preet Vihar,IGI Airport,21.04,Morning Peak,Weekend,Fog,High,Highway,18.2,69.3
Chandni Chowk,AIIMS,9.5,Morning Peak,Weekday,Clear,High,Inner Road,13.4,45.4
Okhla,Noida Sector 18,6.92,Evening Peak,Weekday,Fog,Very High,Main Road,5.3,79.3
Punjabi Bagh,Rajouri Garden,2.52,Afternoon,Weekend,Fog,Low,Main Road,27.0,5.5
Rohini,Noida Sector 18,33.01,Afternoon,Weekday,Rain,Medium,Main Road,25.9,74.6
Saket,Hauz Khas,2.85,Afternoon,Weekday,Clear,Low,Inner Road,35.3,5.1
Preet Vihar,Lajpat Nagar,9.58,Evening Peak,Weekday,Clear,Very High,Highway,18.0,31.1
Noida Sector 18,Greater Kailash,9.35,Morning Peak,Weekend,Clear,Medium,Highway,46.7,12.5
Greater Kailash,Shahdara,15.04,Evening Peak,Weekday,Clear,Very High,Main Road,13.0,68.5
Chandni Chowk,Noida Sector 18,12.9,Night,Weekday,Fog,Low,Main Road,25.7,31.5
Civil Lines,Okhla,17.22,Night,Weekday,Fog,Medium,Main Road,17.4,57.9
Vasant Kunj,Nehru Place,9.97,Evening Peak,Weekday,Fog,Very High,Inner Road,4.8,128.1
Nehru Place,AIIMS,4.68,Night,Weekend,Fog,Low,Main Road,26.4,11.2
Greater Kailash,Rajouri Garden,15.57,Afternoon,Weekday,Clear,Medium,Inner Road,16.9,57.7
Kalkaji,Rohini,30.48,Afternoon,Weekday,Fog,High,Highway,17.9,108.0
Noida Sector 18,Dwarka,27.45,Afternoon,Weekend,Fog,Low,Highway,44.1,38.1
Shahdara,Janakpuri,20.44,Evening Peak,Weekday,Clear,Very High,Highway,18.7,64.5
Okhla,Preet Vihar,12.45,Afternoon,Weekday,Rain,Very High,Inner Road,5.9,129.2
Kalkaji,Preet Vihar,12.39,Morning Peak,Weekend,Rain,Medium,Highway,31.8,24.3
IGI Airport,Hauz Khas,9.81,Morning Peak,Weekday,Rain,Very High,Highway,11.5,51.4
IGI Airport,Hauz Khas,9.81,Evening Peak,Weekday,Heatwave,High,Highway,40.6,14.8
Nehru Place,Connaught Place,9.83,Afternoon,Weekend,Clear,Medium,Highway,55.6,11.0
Pitampura,Connaught Place,11.52,Morning Peak,Weekday,Fog,High,Main Road,14.1,51.4
Janakpuri,Saket,15.88,Evening Peak,Weekday,Fog,Very High,Highway,10.3,92.5
Hauz Khas,Preet Vihar,13.62,Afternoon,Weekday,Clear,Medium,Highway,68.1,11.9
Rohini,Vasant Kunj,27.39,Night,Weekend,Clear,Low,Highway,93.3,17.5
Lajpat Nagar,Janakpuri,15.7,Evening Peak,Weekday,Rain,Very High,Main Road,7.6,123.6
Shahdara,Pitampura,15.65,Afternoon,Weekday,Fog,High,Main Road,14.6,63.6
Rajouri Garden,Dwarka,9.64,Morning Peak,Weekday,Clear,Very High,Inner Road,7.7,76.8
Saket,IGI Airport,11.0,Evening Peak,Weekday,Clear,Very High,Highway,19.4,34.9
AIIMS,Hauz Khas,2.2,Afternoon,Weekend,Clear,Medium,Main Road,42.4,3.3
Okhla,Rohini,32.09,Morning Peak,Weekday,Rain,Very High,Highway,11.6,175.1
Saket,Hauz Khas,2.85,Morning Peak,Weekday,Fog,Very High,Inner Road,4.9,39.5
IGI Airport,Dwarka,6.61,Morning Peak,Weekend,Clear,High,Main Road,29.5,14.2
Kalkaji,Janakpuri,18.68,Afternoon,Weekday,Clear,High,Main Road,24.4,45.3
Saket,Janakpuri,15.88,Afternoon,Weekday,Rain,Medium,Highway,34.4,29.0
Hauz Khas,Saket,2.85,Afternoon,Weekday,Clear,Medium,Highway,50.9,3.4
Lajpat Nagar,Connaught Place,7.13,Afternoon,Weekday,Rain,High,Inner Road,8.4,51.3
Model Town,Civil Lines,5.0,Morning Peak,Weekday,Clear,Medium,Inner Road,20.3,14.4
Model Town,Lajpat Nagar,16.71,Evening Peak,Weekday,Clear,Medium,Inner Road,17.0,57.8
Noida Sector 18,IGI Airport,22.12,Afternoon,Weekday,Clear,High,Highway,32.5,48.3
Chandni Chowk,IGI Airport,16.54,Evening Peak,Weekday,Heatwave,High,Main Road,22.5,44.6
Vasant Kunj,Lajpat Nagar,9.65,Afternoon,Weekday,Clear,High,Inner Road,16.0,38.3
Vasant Kunj,Kalkaji,9.44,Morning Peak,Weekend,Clear,High,Main Road,23.2,29.0
Preet Vihar,Mayur Vihar,3.05,Evening Peak,Weekday,Clear,Very High,Main Road,12.0,15.8
Dwarka,Rohini,17.53,Evening Peak,Weekday,Rain,Very High,Highway,11.6,96.2
Saket,Noida Sector 18,12.72,Evening Peak,Weekday,Clear,High,Main Road,27.5,28.0
Model Town,Shahdara,10.5,Afternoon,Weekday,Rain,Low,Main Road,38.2,19.7
Greater Kailash,Chandni Chowk,11.55,Morning Peak,Weekday,Clear,High,Highway,40.1,17.5
Janakpuri,Kalkaji,18.68,Afternoon,Weekday,Heatwave,High,Highway,34.6,34.2
AIIMS,Noida Sector 18,11.33,Morning Peak,Weekday,Clear,High,Main Road,26.6,25.9
Greater Kailash,Chandni Chowk,11.55,Morning Peak,Weekday,Clear,Very High,Main Road,13.1,51.6
Nehru Place,Noida Sector 18,7.47,Afternoon,Weekday,Rain,Low,Highway,44.3,10.1
Saket,Dwarka,17.4,Morning Peak,Weekend,Clear,Very High,Highway,14.8,70.2
Rohini,Pitampura,8.97,Evening Peak,Weekday,Clear,Very High,Main Road,14.6,37.1
Rohini,Preet Vihar,25.98,Morning Peak,Weekend,Clear,Low,Main Road,60.4,26.4
Pitampura,Janakpuri,10.13,Evening Peak,Weekday,Heatwave,High,Main Road,27.5,21.8
AIIMS,Vasant Kunj,7.41,Afternoon,Weekday,Clear,High,Main Road,20.4,22.1
Dwarka,AIIMS,16.25,Morning Peak,Weekend,Clear,Medium,Highway,62.9,15.1
Greater Kailash,Rohini,28.43,Evening Peak,Weekday,Heatwave,High,Highway,34.0,53.5
Preet Vihar,IGI Airport,21.04,Evening Peak,Weekday,Heatwave,Very High,Highway,18.6,70.8
Kalkaji,Saket,4.6,Afternoon,Weekday,Clear,Very High,Inner Road,8.2,34.2
Karol Bagh,Mayur Vihar,11.04,Evening Peak,Weekend,Clear,Low,Highway,82.0,8.3
Kalkaji,Dwarka,21.07,Night,Weekday,Heatwave,Medium,Main Road,25.4,54.8
Dwarka,Nehru Place,20.8,Night,Weekday,Clear,Low,Main Road,35.5,41.7
Karol Bagh,Okhla,15.59,Morning Peak,Weekend,Clear,Medium,Highway,49.4,18.8
Hauz Khas,Vasant Kunj,5.36,Afternoon,Weekday,Rain,Medium,Inner Road,17.6,18.5
Dwarka,Pitampura,15.04,Evening Peak,Weekday,Clear,Very High,Main Road,13.1,68.1
Vasant Kunj,Punjabi Bagh,16.74,Morning Peak,Weekday,Clear,Very High,Highway,15.3,65.0
Civil Lines,Punjabi Bagh,9.27,Afternoon,Weekend,Clear,Medium,Inner Road,24.1,24.3
Kalkaji,Noida Sector 18,8.19,Morning Peak,Weekend,Clear,Very High,Inner Road,8.2,68.8
Okhla,Civil Lines,17.22,Night,Weekday,Heatwave,Low,Inner Road,23.0,44.3
Civil Lines,Okhla,17.22,Morning Peak,Weekday,Clear,Very High,Inner Road,7.9,132.1
AIIMS,Hauz Khas,2.2,Morning Peak,Weekday,Rain,Very High,Main Road,9.1,15.3
IGI Airport,Lajpat Nagar,13.5,Afternoon,Weekday,Clear,Medium,Highway,50.7,16.0
Nehru Place,Civil Lines,14.85,Evening Peak,Weekday,Heatwave,Very High,Highway,16.0,58.6
Saket,Civil Lines,17.43,Morning Peak,Weekend,Clear,Low,Main Road,50.4,22.0
Rajouri Garden,AIIMS,12.31,Night,Weekday,Clear,High,Highway,38.0,20.1
Civil Lines,Kalkaji,16.3,Evening Peak,Weekend,Clear,High,Highway,33.8,30.0
Saket,Rohini,29.0,Evening Peak,Weekday,Clear,Very High,Inner Road,7.7,225.6
Shahdara,Hauz Khas,16.26,Evening Peak,Weekday,Clear,Medium,Main Road,27.9,36.6
Preet Vihar,Civil Lines,7.88,Morning Peak,Weekday,Heatwave,High,Main Road,27.0,18.0
IGI Airport,Karol Bagh,13.83,Morning Peak,Weekday,Clear,Very High,Main Road,9.0,90.6
Janakpuri,Greater Kailash,16.54,Afternoon,Weekday,Heatwave,High,Highway,29.6,33.6
Mayur Vihar,Noida Sector 18,5.74,Morning Peak,Weekday,Clear,High,Main Road,28.6,12.1
Okhla,Kalkaji,1.94,Evening Peak,Weekday,Rain,High,Highway,29.4,4.6
Janakpuri,Mayur Vihar,20.24,Evening Peak,Weekday,Clear,High,Main Road,25.4,51.7
Noida Sector 18,IGI Airport,22.12,Afternoon,Weekday,Rain,Low,Highway,44.4,30.3
Nehru Place,Lajpat Nagar,2.8,Night,Weekday,Clear,Low,Highway,76.3,2.1
Okhla,Rohini,32.09,Evening Peak,Weekday,Rain,High,Highway,29.5,65.7
Chandni Chowk,Hauz Khas,11.65,Evening Peak,Weekend,Clear,Medium,Main Road,33.1,21.5
Model Town,Lajpat Nagar,16.71,Morning Peak,Weekday,Clear,High,Highway,37.7,26.0
Preet Vihar,Mayur Vihar,3.05,Morning Peak,Weekday,Rain,High,Main Road,20.7,9.2
Connaught Place,Karol Bagh,3.42,Afternoon,Weekday,Clear,Medium,Main Road,34.1,6.2
Rajouri Garden,Saket,15.91,Morning Peak,Weekday,Clear,Very High,Main Road,10.8,92.6
Connaught Place,Karol Bagh,3.42,Evening Peak,Weekend,Heatwave,Very High,Main Road,13.5,17.1
Dwarka,Lajpat Nagar,18.84,Evening Peak,Weekday,Clear,High,Highway,39.0,33.0
Pitampura,Civil Lines,9.41,Night,Weekday,Clear,Medium,Main Road,33.4,16.6
Preet Vihar,AIIMS,11.51,Evening Peak,Weekend,Heatwave,High,Main Road,19.4,36.5
Model Town,Noida Sector 18,20.73,Evening Peak,Weekday,Heatwave,High,Highway,30.9,41.0
Okhla,Civil Lines,17.22,Morning Peak,Weekend,Clear,Medium,Main Road,44.9,22.5
Saket,Model Town,21.24,Evening Peak,Weekday,Heatwave,High,Highway,38.1,33.5
Janakpuri,Kalkaji,18.68,Evening Peak,Weekday,Clear,Very High,Main Road,10.5,112.7
Rajouri Garden,Hauz Khas,13.23,Afternoon,Weekday,Clear,Medium,Main Road,44.4,17.6
Hauz Khas,AIIMS,2.2,Afternoon,Weekday,Fog,Medium,Main Road,17.1,8.0
Janakpuri,IGI Airport,7.4,Morning Peak,Weekend,Clear,Low,Main Road,38.8,11.7
AIIMS,Hauz Khas,2.2,Morning Peak,Weekday,Clear,High,Inner Road,19.1,7.6
Pitampura,IGI Airport,16.75,Night,Weekday,Clear,Medium,Main Road,38.7,26.4
Dwarka,Rohini,17.53,Evening Peak,Weekday,Clear,High,Highway,45.8,23.1
Okhla,Nehru Place,2.67,Evening Peak,Weekday,Clear,High,Main Road,24.7,6.5
Mayur Vihar,Lajpat Nagar,7.45,Evening Peak,Weekday,Clear,Very High,Main Road,12.2,38.2
IGI Airport,Shahdara,22.57,Morning Peak,Weekend,Fog,Low,Highway,40.9,37.8
Karol Bagh,Saket,14.26,Evening Peak,Weekday,Clear,Very High,Main Road,12.8,68.4
Janakpuri,Hauz Khas,13.61,Afternoon,Weekday,Fog,High,Main Road,16.5,52.3
Hauz Khas,Nehru Place,5.2,Morning Peak,Weekday,Clear,Very High,Inner Road,8.2,40.1
Janakpuri,Kalkaji,18.68,Evening Peak,Weekday,Clear,Very High,Highway,16.4,66.7
Rajouri Garden,Lajpat Nagar,14.1,Evening Peak,Weekday,Clear,Very High,Inner Road,8.3,101.7
Rajouri Garden,Hauz Khas,13.23,Afternoon,Weekday,Clear,Medium,Main Road,42.6,18.4
Connaught Place,Nehru Place,9.83,Evening Peak,Weekday,Rain,High,Inner Road,8.0,76.8
IGI Airport,Saket,11.0,Evening Peak,Weekday,Heatwave,High,Highway,39.7,17.0
Mayur Vihar,Greater Kailash,9.55,Afternoon,Weekday,Clear,Medium,Inner Road,19.2,33.4
Noida Sector 18,Lajpat Nagar,8.66,Evening Peak,Weekday,Clear,Very High,Inner Road,7.6,70.6
IGI Airport,Kalkaji,15.01,Evening Peak,Weekday,Clear,High,Highway,33.6,26.4
IGI Airport,Preet Vihar,21.04,Morning Peak,Weekday,Clear,High,Highway,38.1,34.0
Okhla,Greater Kailash,4.03,Afternoon,Weekday,Clear,Medium,Main Road,29.1,8.7
Punjabi Bagh,Pitampura,3.98,Evening Peak,Weekday,Heatwave,High,Main Road,21.9,11.4
Model Town,Lajpat Nagar,16.71,Morning Peak,Weekend,Clear,High,Highway,41.1,25.1
Shahdara,Rohini,24.21,Evening Peak,Weekday,Rain,Very High,Main Road,7.0,203.0
Pitampura,Kalkaji,22.07,Night,Weekday,Clear,Low,Inner Road,41.4,36.0
Okhla,Saket,6.33,Morning Peak,Weekday,Clear,Medium,Main Road,41.4,9.0
Okhla,Preet Vihar,12.45,Evening Peak,Weekday,Clear,Very High,Main Road,13.9,54.2
Punjabi Bagh,Lajpat Nagar,15.06,Afternoon,Weekday,Clear,Medium,Main Road,45.0,20.1
Noida Sector 18,Punjabi Bagh,21.94,Morning Peak,Weekday,Clear,Very High,Highway,21.1,66.1
IGI Airport,Okhla,16.94,Afternoon,Weekday,Heatwave,High,Highway,29.5,36.4
Civil Lines,Saket,17.43,Evening Peak,Weekday,Clear,High,Highway,41.9,25.6
Lajpat Nagar,IGI Airport,13.5,Afternoon,Weekday,Fog,Very High,Highway,9.4,96.4
AIIMS,Connaught Place,7.18,Afternoon,Weekday,Rain,High,Main Road,17.7,25.7
Vasant Kunj,Model Town,22.01,Night,Weekend,Clear,Low,Main Road,53.8,24.8
Nehru Place,Saket,5.32,Afternoon,Weekday,Clear,Low,Inner Road,16.0,19.5
Model Town,Vasant Kunj,22.01,Morning Peak,Weekend,Clear,High,Highway,33.2,41.8
Rohini,Saket,29.0,Evening Peak,Weekend,Clear,High,Highway,35.4,51.0
Lajpat Nagar,Shahdara,12.53,Evening Peak,Weekend,Rain,Medium,Main Road,28.8,26.0
Karol Bagh,Mayur Vihar,11.04,Afternoon,Weekday,Rain,High,Highway,27.6,24.1
AIIMS,Nehru Place,4.68,Afternoon,Weekend,Heatwave,Medium,Inner Road,10.3,26.5
Punjabi Bagh,Civil Lines,9.27,Afternoon,Weekday,Heatwave,High,Main Road,18.4,31.5
Hauz Khas,Kalkaji,5.29,Evening Peak,Weekday,Fog,Very High,Main Road,6.1,51.4
Vasant Kunj,AIIMS,7.41,Morning Peak,Weekday,Fog,Very High,Inner Road,4.8,94.8
Noida Sector 18,Vasant Kunj,17.44,Morning Peak,Weekday,Clear,High,Highway,31.9,34.6
Rajouri Garden,Vasant Kunj,14.56,Morning Peak,Weekday,Clear,Medium,Main Road,29.4,31.1
Nehru Place,Shahdara,14.22,Morning Peak,Weekday,Clear,High,Main Road,23.1,39.0
Connaught Place,Hauz Khas,9.27,Evening Peak,Weekend,Clear,Very High,Main Road,11.7,49.0
Rajouri Garden,Dwarka,9.64,Afternoon,Weekday,Clear,High,Main Road,19.5,31.0
Rohini,Preet Vihar,25.98,Morning Peak,Weekday,Heatwave,Very High,Main Road,13.6,116.5
Connaught Place,Hauz Khas,9.27,Evening Peak,Weekday,Heatwave,High,Main Road,22.1,26.4
Punjabi Bagh,Noida Sector 18,21.94,Night,Weekday,Heatwave,Medium,Highway,66.6,20.3
Mayur Vihar,Noida Sector 18,5.74,Afternoon,Weekday,Fog,Medium,Inner Road,9.4,36.3
AIIMS,Okhla,7.2,Evening Peak,Weekday,Clear,High,Main Road,27.3,15.4
IGI Airport,Connaught Place,14.14,Afternoon,Weekday,Fog,Low,Main Road,29.6,28.4
Greater Kailash,Chandni Chowk,11.55,Morning Peak,Weekend,Clear,Low,Highway,84.4,8.6
Preet Vihar,Vasant Kunj,18.93,Night,Weekend,Clear,Low,Highway,60.8,19.0
Kalkaji,Pitampura,22.07,Afternoon,Weekend,Rain,Low,Highway,63.2,21.6
AIIMS,Rohini,25.2,Afternoon,Weekday,Clear,High,Highway,37.7,42.3
Vasant Kunj,Karol Bagh,15.08,Night,Weekday,Clear,Low,Main Road,50.6,17.9
Mayur Vihar,Rajouri Garden,17.23,Morning Peak,Weekday,Heatwave,Medium,Highway,59.0,20.7
Kalkaji,Nehru Place,1.51,Evening Peak,Weekday,Rain,Low,Main Road,30.6,3.1
Greater Kailash,Punjabi Bagh,16.84,Evening Peak,Weekday,Clear,Very High,Highway,20.7,47.9
Vasant Kunj,Nehru Place,9.97,Afternoon,Weekday,Clear,Low,Inner Road,19.5,30.2
Karol Bagh,Vasant Kunj,15.08,Morning Peak,Weekday,Heatwave,High,Highway,36.0,25.6
Greater Kailash,Vasant Kunj,8.11,Night,Weekday,Clear,Low,Main Road,41.3,12.0
Shahdara,Karol Bagh,9.9,Evening Peak,Weekday,Clear,Very High,Main Road,15.0,44.7
Civil Lines,Vasant Kunj,19.08,Morning Peak,Weekday,Fog,Very High,Highway,8.7,132.6
AIIMS,Noida Sector 18,11.33,Evening Peak,Weekday,Clear,High,Main Road,24.1,29.1
Model Town,Janakpuri,14.54,Afternoon,Weekday,Heatwave,Medium,Highway,64.4,13.4
Janakpuri,Punjabi Bagh,6.67,Afternoon,Weekday,Rain,Medium,Inner Road,16.1,26.3
Vasant Kunj,Rajouri Garden,14.56,Morning Peak,Weekday,Clear,Low,Highway,64.5,13.8
Connaught Place,Greater Kailash,9.57,Night,Weekend,Clear,High,Main Road,23.5,25.4
Noida Sector 18,Vasant Kunj,17.44,Afternoon,Weekend,Clear,Low,Highway,71.7,15.0
Okhla,Civil Lines,17.22,Evening Peak,Weekday,Heatwave,Very High,Highway,16.5,66.1
Mayur Vihar,Pitampura,18.76,Evening Peak,Weekday,Clear,Very High,Inner Road,8.3,133.7
Janakpuri,Okhla,20.56,Afternoon,Weekday,Heatwave,High,Highway,32.3,38.4
Greater Kailash,Kalkaji,2.15,Afternoon,Weekday,Fog,Medium,Inner Road,8.3,16.5
Okhla,Model Town,21.87,Night,Weekend,Rain,Low,Highway,55.4,23.1
Chandni Chowk,Lajpat Nagar,8.98,Morning Peak,Weekday,Heatwave,High,Highway,28.2,21.6
Pitampura,Saket,21.25,Afternoon,Weekday,Clear,Medium,Highway,65.8,20.3
Dwarka,Punjabi Bagh,11.86,Afternoon,Weekday,Clear,Medium,Main Road,30.9,23.7
Civil Lines,Pitampura,9.41,Night,Weekday,Clear,Medium,Main Road,26.7,20.8
Saket,Civil Lines,17.43,Afternoon,Weekday,Rain,Medium,Highway,44.2,23.6
Civil Lines,Chandni Chowk,3.35,Evening Peak,Weekday,Clear,High,Main Road,18.3,10.9
AIIMS,Punjabi Bagh,13.63,Afternoon,Weekday,Clear,Medium,Highway,49.3,19.6
Punjabi Bagh,Preet Vihar,16.03,Morning Peak,Weekday,Fog,Very High,Highway,11.2,84.6
Hauz Khas,Vasant Kunj,5.36,Evening Peak,Weekend,Clear,High,Main Road,24.5,13.7
Nehru Place,Dwarka,20.8,Afternoon,Weekend,Rain,High,Highway,25.1,54.3
Kalkaji,Punjabi Bagh,18.89,Morning Peak,Weekday,Clear,Medium,Main Road,38.8,28.9
Preet Vihar,Okhla,12.45,Morning Peak,Weekday,Clear,Very High,Main Road,15.1,54.1
Shahdara,Punjabi Bagh,15.41,Afternoon,Weekday,Clear,Medium,Highway,58.2,16.1
Chandni Chowk,Nehru Place,11.5,Afternoon,Weekday,Clear,High,Highway,32.0,21.6
Dwarka,Kalkaji,21.07,Afternoon,Weekday,Clear,High,Highway,33.3,38.8
Preet Vihar,Greater Kailash,11.95,Evening Peak,Weekend,Rain,High,Highway,26.9,27.7
Vasant Kunj,Civil Lines,19.08,Afternoon,Weekday,Clear,Medium,Highway,52.9,21.2
Vasant Kunj,Dwarka,13.52,Evening Peak,Weekday,Heatwave,Very High,Highway,16.0,55.6
Noida Sector 18,Rohini,33.01,Evening Peak,Weekend,Clear,High,Highway,37.6,52.0
Preet Vihar,IGI Airport,21.04,Afternoon,Weekday,Clear,Medium,Highway,59.2,23.3
Janakpuri,Chandni Chowk,14.33,Morning Peak,Weekend,Heatwave,Low,Main Road,35.0,25.4
Vasant Kunj,Kalkaji,9.44,Night,Weekday,Clear,Low,Main Road,37.8,15.3
IGI Airport,Rohini,21.91,Morning Peak,Weekday,Rain,High,Highway,31.2,45.7
Civil Lines,Kalkaji,16.3,Night,Weekend,Clear,Low,Highway,63.7,15.6
Connaught Place,Dwarka,17.23,Night,Weekday,Fog,Low,Main Road,27.3,39.2
Rohini,Janakpuri,14.51,Evening Peak,Weekday,Clear,Very High,Highway,20.3,44.3
Connaught Place,Kalkaji,11.2,Evening Peak,Weekday,Rain,Very High,Highway,11.6,58.6
Okhla,Karol Bagh,15.59,Evening Peak,Weekday,Heatwave,Very High,Highway,18.3,49.7
Shahdara,Okhla,15.92,Evening Peak,Weekend,Clear,High,Main Road,17.5,55.2
Vasant Kunj,IGI Airport,6.9,Morning Peak,Weekday,Heatwave,Medium,Main Road,37.3,11.3
Model Town,Karol Bagh,7.02,Afternoon,Weekday,Fog,Low,Main Road,25.7,16.4
Dwarka,Karol Bagh,15.59,Evening Peak,Weekend,Heatwave,Very High,Main Road,11.0,83.5
Greater Kailash,Civil Lines,14.87,Evening Peak,Weekend,Clear,Low,Highway,66.4,14.1
Noida Sector 18,Dwarka,27.45,Evening Peak,Weekend,Clear,Low,Highway,89.4,17.9
Rohini,Lajpat Nagar,26.64,Morning Peak,Weekday,Clear,Very High,Highway,16.3,97.1
Mayur Vihar,Civil Lines,10.05,Night,Weekday,Clear,Medium,Highway,51.5,12.4
AIIMS,Connaught Place,7.18,Afternoon,Weekday,Clear,Medium,Main Road,36.5,13.4
Nehru Place,Noida Sector 18,7.47,Evening Peak,Weekend,Rain,Low,Main Road,27.3,16.7
Janakpuri,Rohini,14.51,Morning Peak,Weekday,Clear,Very High,Main Road,10.0,89.1
Kalkaji,Noida Sector 18,8.19,Night,Weekday,Heatwave,Medium,Main Road,25.5,19.4
Chandni Chowk,Connaught Place,2.54,Morning Peak,Weekday,Clear,High,Inner Road,15.4,9.9
Pitampura,Rohini,8.97,Morning Peak,Weekday,Clear,Very High,Inner Road,8.2,69.2
Okhla,Greater Kailash,4.03,Evening Peak,Weekday,Clear,Very High,Highway,16.2,14.6
Preet Vihar,Saket,15.46,Afternoon,Weekday,Clear,Low,Highway,77.7,11.8
Connaught Place,Chandni Chowk,2.54,Evening Peak,Weekday,Heatwave,High,Inner Road,13.4,11.2
Okhla,Janakpuri,20.56,Evening Peak,Weekday,Clear,Very High,Highway,14.9,81.3
Nehru Place,Shahdara,14.22,Afternoon,Weekday,Rain,Medium,Main Road,27.1,31.6
Okhla,Pitampura,23.54,Evening Peak,Weekend,Clear,Medium,Highway,48.1,34.4
IGI Airport,Hauz Khas,9.81,Evening Peak,Weekday,Rain,Very High,Main Road,6.5,99.2
Karol Bagh,Pitampura,8.11,Evening Peak,Weekday,Clear,High,Main Road,29.4,18.1
Vasant Kunj,IGI Airport,6.9,Evening Peak,Weekend,Clear,Medium,Main Road,39.0,11.1
Saket,Lajpat Nagar,5.89,Morning Peak,Weekday,Clear,Very High,Inner Road,8.1,45.6
IGI Airport,Okhla,16.94,Morning Peak,Weekday,Clear,Medium,Highway,51.5,19.5
Vasant Kunj,Karol Bagh,15.08,Evening Peak,Weekend,Rain,Medium,Highway,38.2,24.6
Saket,Noida Sector 18,12.72,Afternoon,Weekend,Fog,Low,Inner Road,20.7,37.5
Dwarka,Noida Sector 18,27.45,Night,Weekday,Rain,Medium,Highway,46.7,35.5
Model Town,Rajouri Garden,10.2,Morning Peak,Weekend,Clear,Low,Main Road,37.0,17.7
Civil Lines,Karol Bagh,4.62,Afternoon,Weekday,Heatwave,Medium,Inner Road,24.0,11.9
Dwarka,IGI Airport,6.61,Morning Peak,Weekend,Rain,High,Main Road,16.7,24.0
Shahdara,Noida Sector 18,12.02,Night,Weekday,Rain,Medium,Main Road,23.5,30.9
Noida Sector 18,Chandni Chowk,12.9,Evening Peak,Weekend,Rain,Medium,Main Road,25.8,29.1
Shahdara,Pitampura,15.65,Evening Peak,Weekday,Clear,High,Highway,32.0,29.6
Shahdara,Mayur Vihar,6.61,Evening Peak,Weekend,Clear,High,Main Road,22.6,17.5
Punjabi Bagh,Civil Lines,9.27,Evening Peak,Weekday,Clear,Very High,Main Road,13.6,42.2
Hauz Khas,IGI Airport,9.81,Afternoon,Weekday,Clear,Medium,Inner Road,29.6,20.9
Punjabi Bagh,Hauz Khas,14.84,Afternoon,Weekday,Clear,Medium,Main Road,38.6,23.7
Vasant Kunj,Rajouri Garden,14.56,Afternoon,Weekday,Rain,High,Highway,27.9,30.6
Dwarka,Saket,17.4,Morning Peak,Weekend,Heatwave,Medium,Main Road,35.6,30.9
Model Town,Civil Lines,5.0,Morning Peak,Weekend,Rain,Low,Inner Road,18.4,16.7
Nehru Place,Model Town,19.38,Evening Peak,Weekday,Fog,Very High,Highway,10.4,114.5
Rohini,AIIMS,25.2,Evening Peak,Weekend,Clear,Low,Main Road,36.2,42.8
Hauz Khas,Okhla,7.23,Morning Peak,Weekday,Clear,High,Main Road,27.7,17.2
Rohini,Hauz Khas,26.29,Morning Peak,Weekend,Clear,Very High,Highway,18.8,83.3
Karol Bagh,Dwarka,15.59,Evening Peak,Weekday,Clear,High,Main Road,18.9,52.1
Saket,Pitampura,21.25,Morning Peak,Weekday,Clear,Very High,Main Road,11.5,113.9
Nehru Place,Saket,5.32,Night,Weekday,Clear,Medium,Inner Road,27.6,11.6
Connaught Place,Rohini,20.4,Afternoon,Weekday,Clear,Low,Highway,64.3,18.7
Hauz Khas,Lajpat Nagar,4.29,Evening Peak,Weekend,Clear,Medium,Inner Road,14.8,19.1
Rajouri Garden,Greater Kailash,15.57,Evening Peak,Weekday,Rain,Very High,Highway,12.4,78.3
Model Town,Shahdara,10.5,Afternoon,Weekday,Clear,Very High,Inner Road,8.3,77.3
AIIMS,Lajpat Nagar,2.68,Afternoon,Weekday,Clear,High,Main Road,27.5,5.7
Hauz Khas,Noida Sector 18,12.51,Evening Peak,Weekday,Clear,Very High,Highway,21.3,35.8
Saket,Vasant Kunj,4.88,Afternoon,Weekday,Heatwave,Medium,Inner Road,10.5,29.0
Noida Sector 18,Rajouri Garden,21.63,Evening Peak,Weekend,Heatwave,Medium,Main Road,38.8,35.3
Kalkaji,Rohini,30.48,Evening Peak,Weekday,Clear,Very High,Highway,15.9,111.6
Preet Vihar,Kalkaji,12.39,Morning Peak,Weekday,Clear,Low,Highway,67.7,10.9
Vasant Kunj,Karol Bagh,15.08,Evening Peak,Weekday,Clear,High,Highway,42.8,20.8
Kalkaji,Hauz Khas,5.29,Night,Weekday,Fog,Medium,Main Road,22.4,14.3
Janakpuri,Okhla,20.56,Morning Peak,Weekend,Clear,High,Highway,44.2,28.0
Noida Sector 18,Vasant Kunj,17.44,Evening Peak,Weekday,Clear,High,Highway,32.8,32.8
Nehru Place,Shahdara,14.22,Evening Peak,Weekday,Clear,High,Inner Road,12.3,73.0
Punjabi Bagh,Chandni Chowk,9.93,Morning Peak,Weekday,Heatwave,Low,Main Road,54.7,11.3
Shahdara,Mayur Vihar,6.61,Afternoon,Weekend,Rain,Medium,Main Road,28.7,15.5
Greater Kailash,Mayur Vihar,9.55,Night,Weekday,Clear,Low,Main Road,35.8,16.0
Greater Kailash,Connaught Place,9.57,Afternoon,Weekend,Clear,Medium,Highway,48.6,12.4
Connaught Place,Vasant Kunj,13.75,Evening Peak,Weekday,Clear,High,Highway,38.5,21.2
Kalkaji,Mayur Vihar,9.67,Afternoon,Weekend,Clear,Medium,Highway,60.1,9.8
Karol Bagh,AIIMS,9.61,Morning Peak,Weekday,Clear,Medium,Main Road,41.0,13.8
Karol Bagh,Noida Sector 18,16.06,Morning Peak,Weekday,Clear,High,Main Road,24.5,41.1
AIIMS,IGI Airport,10.81,Morning Peak,Weekday,Clear,High,Highway,35.3,19.9
Shahdara,Pitampura,15.65,Evening Peak,Weekday,Heatwave,Medium,Main Road,29.7,33.4
Karol Bagh,Rajouri Garden,6.66,Afternoon,Weekend,Rain,High,Main Road,17.9,23.5
Okhla,Punjabi Bagh,20.5,Morning Peak,Weekday,Rain,High,Highway,22.6,56.3
Chandni Chowk,Punjabi Bagh,9.93,Night,Weekday,Fog,Low,Main Road,23.6,24.7
Civil Lines,Karol Bagh,4.62,Morning Peak,Weekday,Clear,High,Main Road,25.0,11.4
Mayur Vihar,Model Town,15.05,Evening Peak,Weekend,Clear,Medium,Highway,53.2,17.1
Vasant Kunj,Mayur Vihar,17.08,Afternoon,Weekday,Clear,High,Main Road,21.5,48.4
AIIMS,Mayur Vihar,9.79,Evening Peak,Weekday,Clear,Very High,Main Road,12.2,50.0
Shahdara,Mayur Vihar,6.61,Afternoon,Weekday,Rain,Low,Inner Road,11.0,37.4
Mayur Vihar,Shahdara,6.61,Night,Weekday,Clear,Medium,Main Road,32.8,13.0
Karol Bagh,Hauz Khas,11.44,Evening Peak,Weekend,Heatwave,High,Main Road,25.2,27.6
Shahdara,Lajpat Nagar,12.53,Evening Peak,Weekday,Clear,Very High,Highway,14.6,50.5
Lajpat Nagar,Punjabi Bagh,15.06,Morning Peak,Weekday,Clear,High,Inner Road,8.0,115.9
IGI Airport,Civil Lines,18.43,Evening Peak,Weekend,Rain,Medium,Highway,47.4,24.1
Rajouri Garden,Saket,15.91,Morning Peak,Weekend,Clear,Low,Highway,87.2,11.2
Janakpuri,Rajouri Garden,4.38,Evening Peak,Weekday,Clear,Very High,Inner Road,8.4,30.6
Dwarka,AIIMS,16.25,Evening Peak,Weekday,Clear,Very High,Inner Road,8.2,135.6
Civil Lines,Hauz Khas,14.76,Morning Peak,Weekend,Fog,Medium,Highway,28.0,33.4
AIIMS,Janakpuri,13.39,Evening Peak,Weekday,Clear,High,Main Road,22.6,35.3
Vasant Kunj,Chandni Chowk,16.27,Afternoon,Weekday,Heatwave,Medium,Highway,47.0,22.5
Dwarka,Lajpat Nagar,18.84,Afternoon,Weekend,Rain,High,Highway,24.0,48.7
Mayur Vihar,Vasant Kunj,17.08,Evening Peak,Weekday,Clear,Very High,Main Road,14.6,81.5
Greater Kailash,Rohini,28.43,Morning Peak,Weekday,Clear,Very High,Highway,19.8,88.3
Saket,Model Town,21.24,Morning Peak,Weekend,Rain,Medium,Highway,44.4,32.2
IGI Airport,Vasant Kunj,6.9,Evening Peak,Weekday,Rain,Very High,Main Road,9.0,45.7
Noida Sector 18,Lajpat Nagar,8.66,Morning Peak,Weekday,Heatwave,High,Main Road,18.4,28.9
AIIMS,Saket,4.77,Afternoon,Weekend,Clear,Low,Inner Road,14.8,19.1
Pitampura,Chandni Chowk,11.29,Evening Peak,Weekday,Fog,High,Main Road,16.3,43.3
Preet Vihar,Saket,15.46,Morning Peak,Weekend,Heatwave,High,Highway,39.2,23.1
Saket,Pitampura,21.25,Night,Weekday,Clear,Low,Highway,79.2,17.8
Nehru Place,Rajouri Garden,16.77,Morning Peak,Weekday,Rain,Very High,Main Road,10.7,97.5
Connaught Place,Mayur Vihar,7.89,Afternoon,Weekday,Heatwave,Low,Main Road,45.8,10.8
Civil Lines,Greater Kailash,14.87,Evening Peak,Weekday,Fog,High,Main Road,17.2,52.3
Civil Lines,Preet Vihar,7.88,Evening Peak,Weekday,Rain,High,Highway,27.0,18.3
Karol Bagh,Shahdara,9.9,Evening Peak,Weekday,Clear,Very High,Main Road,10.5,58.5
Saket,Chandni Chowk,14.23,Afternoon,Weekend,Clear,Low,Main Road,59.9,14.0
Model Town,Lajpat Nagar,16.71,Evening Peak,Weekend,Fog,Low,Inner Road,21.0,53.5
Rajouri Garden,Karol Bagh,6.66,Afternoon,Weekend,Clear,Medium,Main Road,43.5,9.5
Preet Vihar,Janakpuri,20.09,Evening Peak,Weekday,Clear,Very High,Highway,21.1,58.5
Chandni Chowk,Janakpuri,14.33,Morning Peak,Weekday,Clear,High,Highway,34.5,25.1
Hauz Khas,Preet Vihar,13.62,Evening Peak,Weekday,Clear,High,Main Road,22.0,37.0
Noida Sector 18,AIIMS,11.33,Evening Peak,Weekend,Fog,Medium,Main Road,14.7,46.8
IGI Airport,Janakpuri,7.4,Evening Peak,Weekday,Clear,High,Inner Road,8.3,55.2
Civil Lines,AIIMS,12.66,Afternoon,Weekend,Fog,High,Main Road,15.6,47.9
Connaught Place,Rajouri Garden,9.35,Afternoon,Weekday,Clear,Low,Highway,66.7,8.8
Rohini,Pitampura,8.97,Evening Peak,Weekend,Rain,High,Main Road,12.5,46.6
AIIMS,Punjabi Bagh,13.63,Evening Peak,Weekday,Clear,Medium,Highway,49.9,17.1
Model Town,Saket,21.24,Evening Peak,Weekday,Rain,High,Highway,23.2,55.5
Kalkaji,Civil Lines,16.3,Night,Weekday,Clear,Low,Main Road,58.5,16.3
Janakpuri,Shahdara,20.44,Afternoon,Weekday,Clear,Medium,Highway,54.9,22.3
Pitampura,Rajouri Garden,6.43,Evening Peak,Weekend,Clear,High,Highway,30.6,12.4
Janakpuri,Hauz Khas,13.61,Night,Weekday,Rain,Low,Main Road,25.1,34.5
Greater Kailash,Model Town,19.14,Afternoon,Weekday,Clear,Medium,Main Road,43.4,26.3
Dwarka,IGI Airport,6.61,Evening Peak,Weekday,Heatwave,Very High,Main Road,11.1,34.8
Greater Kailash,Mayur Vihar,9.55,Morning Peak,Weekday,Clear,High,Main Road,23.7,25.1
AIIMS,Janakpuri,13.39,Morning Peak,Weekend,Clear,Medium,Highway,61.3,13.6
Lajpat Nagar,IGI Airport,13.5,Night,Weekday,Clear,Medium,Main Road,45.0,20.0
Kalkaji,Vasant Kunj,9.44,Evening Peak,Weekday,Clear,High,Highway,42.0,13.6
Preet Vihar,Rohini,25.98,Afternoon,Weekday,Heatwave,Medium,Highway,64.0,29.2
Okhla,Chandni Chowk,13.88,Afternoon,Weekday,Clear,Medium,Main Road,30.1,29.3
Dwarka,Shahdara,25.37,Afternoon,Weekday,Fog,Medium,Highway,30.9,49.9
Punjabi Bagh,Nehru Place,17.83,Evening Peak,Weekday,Clear,Very High,Highway,18.0,58.1
Nehru Place,Okhla,2.67,Afternoon,Weekday,Rain,Medium,Inner Road,13.3,11.8
Okhla,Civil Lines,17.22,Morning Peak,Weekday,Heatwave,Medium,Highway,60.3,17.3
Saket,Rajouri Garden,15.91,Afternoon,Weekend,Clear,Medium,Main Road,35.3,27.8
Rohini,Civil Lines,18.15,Evening Peak,Weekday,Clear,Very High,Highway,21.9,49.8
IGI Airport,Dwarka,6.61,Evening Peak,Weekday,Clear,Very High,Main Road,9.9,41.7
Greater Kailash,AIIMS,3.26,Afternoon,Weekday,Heatwave,Medium,Inner Road,23.8,8.1
Pitampura,Connaught Place,11.52,Evening Peak,Weekday,Rain,Very High,Main Road,7.0,107.5
Civil Lines,Hauz Khas,14.76,Morning Peak,Weekend,Fog,Low,Highway,47.9,19.5
Preet Vihar,Noida Sector 18,8.57,Afternoon,Weekend,Heatwave,Low,Main Road,33.9,15.6
Noida Sector 18,IGI Airport,22.12,Evening Peak,Weekday,Heatwave,Very High,Highway,17.2,80.4
Mayur Vihar,Greater Kailash,9.55,Evening Peak,Weekend,Clear,Very High,Main Road,12.9,46.9
AIIMS,Nehru Place,4.68,Night,Weekday,Clear,Low,Main Road,52.0,5.6
Janakpuri,Kalkaji,18.68,Evening Peak,Weekday,Rain,High,Highway,29.3,38.6
Shahdara,Chandni Chowk,6.2,Evening Peak,Weekday,Rain,Very High,Inner Road,7.0,58.1
Rajouri Garden,Janakpuri,4.38,Evening Peak,Weekday,Clear,Low,Inner Road,21.2,13.1
Preet Vihar,Connaught Place,7.48,Morning Peak,Weekday,Heatwave,Very High,Main Road,8.3,54.4
Janakpuri,Rajouri Garden,4.38,Morning Peak,Weekend,Heatwave,High,Main Road,27.2,9.9
Vasant Kunj,AIIMS,7.41,Evening Peak,Weekday,Fog,Very High,Main Road,5.8,75.0
Janakpuri,Kalkaji,18.68,Evening Peak,Weekday,Fog,Very High,Highway,9.4,121.0
Pitampura,Dwarka,15.04,Afternoon,Weekday,Clear,High,Main Road,23.7,41.8
Dwarka,Connaught Place,17.23,Morning Peak,Weekday,Clear,Very High,Main Road,12.8,83.2
Rajouri Garden,IGI Airport,10.32,Afternoon,Weekend,Clear,Medium,Main Road,41.8,15.4
Mayur Vihar,Saket,13.17,Morning Peak,Weekday,Rain,Very High,Highway,10.7,81.9
Preet Vihar,Rajouri Garden,16.6,Morning Peak,Weekday,Heatwave,High,Main Road,16.8,66.8
Okhla,Punjabi Bagh,20.5,Evening Peak,Weekday,Rain,Very High,Highway,11.9,106.1
Rohini,Karol Bagh,16.99,Evening Peak,Weekend,Fog,Medium,Inner Road,13.4,78.8
Hauz Khas,Karol Bagh,11.44,Afternoon,Weekday,Clear,Very High,Main Road,9.6,71.1
Pitampura,Connaught Place,11.52,Evening Peak,Weekday,Rain,Very High,Highway,12.2,58.5
IGI Airport,Dwarka,6.61,Evening Peak,Weekend,Clear,Very High,Main Road,12.0,34.5
Nehru Place,Rajouri Garden,16.77,Night,Weekday,Clear,Low,Highway,66.0,17.1
Mayur Vihar,Civil Lines,10.05,Afternoon,Weekend,Clear,Medium,Highway,55.1,11.0
Civil Lines,Saket,17.43,Evening Peak,Weekday,Clear,Very High,Main Road,12.9,88.5
Noida Sector 18,Shahdara,12.02,Evening Peak,Weekday,Rain,High,Highway,26.0,29.4
Greater Kailash,Chandni Chowk,11.55,Evening Peak,Weekend,Clear,Medium,Highway,49.7,13.7
Vasant Kunj,Janakpuri,13.24,Morning Peak,Weekend,Clear,Medium,Highway,47.2,16.4
Vasant Kunj,Punjabi Bagh,16.74,Morning Peak,Weekend,Fog,Medium,Inner Road,13.8,74.1
Preet Vihar,Dwarka,24.67,Evening Peak,Weekday,Rain,High,Highway,29.0,53.1
Connaught Place,Civil Lines,5.49,Evening Peak,Weekend,Heatwave,Medium,Highway,49.9,6.7
AIIMS,Hauz Khas,2.2,Evening Peak,Weekday,Clear,Very High,Inner Road,9.0,15.5
IGI Airport,Preet Vihar,21.04,Afternoon,Weekday,Clear,Medium,Highway,53.9,24.5
Chandni Chowk,Karol Bagh,3.94,Afternoon,Weekday,Clear,Medium,Inner Road,16.5,14.7
Dwarka,Mayur Vihar,24.43,Morning Peak,Weekday,Clear,Medium,Main Road,31.2,45.9
AIIMS,Greater Kailash,3.26,Afternoon,Weekday,Clear,Very High,Main Road,11.8,16.3
Hauz Khas,Greater Kailash,3.32,Evening Peak,Weekday,Fog,Medium,Highway,29.3,6.7
Dwarka,Janakpuri,5.26,Afternoon,Weekday,Clear,Medium,Main Road,40.6,7.7
Noida Sector 18,Vasant Kunj,17.44,Afternoon,Weekday,Rain,Medium,Main Road,20.0,58.7
Janakpuri,Pitampura,10.13,Afternoon,Weekday,Rain,High,Main Road,13.1,46.2
Mayur Vihar,Karol Bagh,11.04,Morning Peak,Weekday,Clear,High,Main Road,29.8,23.0
Dwarka,Pitampura,15.04,Evening Peak,Weekend,Clear,High,Highway,38.9,23.6
Rajouri Garden,Preet Vihar,16.6,Evening Peak,Weekday,Clear,High,Highway,35.7,27.1
Rajouri Garden,Connaught Place,9.35,Morning Peak,Weekday,Fog,High,Inner Road,10.6,52.3
Rohini,Punjabi Bagh,11.6,Afternoon,Weekday,Rain,Very High,Highway,11.9,61.2
Nehru Place,Civil Lines,14.85,Evening Peak,Weekend,Clear,Medium,Highway,56.8,15.4
Pitampura,Preet Vihar,17.1,Night,Weekday,Clear,Low,Highway,66.0,15.6
Nehru Place,Preet Vihar,10.93,Morning Peak,Weekday,Fog,High,Main Road,10.4,64.6
Mayur Vihar,Saket,13.17,Afternoon,Weekend,Clear,High,Highway,43.2,21.3
Noida Sector 18,Greater Kailash,9.35,Night,Weekday,Clear,Low,Main Road,38.7,15.0
Connaught Place,Saket,11.95,Evening Peak,Weekday,Clear,Medium,Main Road,29.1,25.2
Mayur Vihar,Preet Vihar,3.05,Night,Weekday,Clear,Low,Main Road,55.3,3.6
AIIMS,Hauz Khas,2.2,Evening Peak,Weekend,Rain,Medium,Main Road,23.9,5.6
Rajouri Garden,Civil Lines,10.68,Morning Peak,Weekday,Clear,High,Highway,37.0,17.8
Noida Sector 18,Pitampura,24.06,Night,Weekend,Heatwave,Low,Inner Road,15.9,95.1
Okhla,Civil Lines,17.22,Evening Peak,Weekday,Rain,High,Inner Road,7.6,133.7
Shahdara,Okhla,15.92,Evening Peak,Weekday,Clear,Very High,Highway,18.0,51.8
Punjabi Bagh,Okhla,20.5,Evening Peak,Weekend,Rain,High,Highway,25.4,50.9
Shahdara,Chandni Chowk,6.2,Afternoon,Weekday,Heatwave,High,Inner Road,11.8,32.0
Nehru Place,IGI Airport,14.99,Evening Peak,Weekday,Clear,High,Main Road,20.2,44.8
Lajpat Nagar,Kalkaji,4.08,Evening Peak,Weekend,Fog,Medium,Inner Road,10.8,23.8
Preet Vihar,Kalkaji,12.39,Afternoon,Weekday,Clear,High,Inner Road,10.5,70.2
Nehru Place,Shahdara,14.22,Afternoon,Weekday,Clear,Medium,Highway,67.6,12.4
Nehru Place,Lajpat Nagar,2.8,Afternoon,Weekday,Clear,High,Inner Road,14.0,12.0
Preet Vihar,AIIMS,11.51,Morning Peak,Weekday,Clear,High,Main Road,24.4,29.8
Rohini,Shahdara,24.21,Evening Peak,Weekday,Clear,Very High,Highway,20.1,71.1
Nehru Place,Hauz Khas,5.2,Afternoon,Weekday,Clear,Medium,Main Road,43.3,7.4
Okhla,Hauz Khas,7.23,Afternoon,Weekday,Clear,High,Main Road,20.6,23.2
Rajouri Garden,AIIMS,12.31,Morning Peak,Weekday,Clear,High,Main Road,24.9,31.4
Greater Kailash,Okhla,4.03,Morning Peak,Weekend,Clear,Medium,Main Road,37.8,6.4
IGI Airport,Greater Kailash,13.13,Afternoon,Weekday,Rain,Very High,Main Road,7.6,122.2
Preet Vihar,Greater Kailash,11.95,Morning Peak,Weekday,Fog,Medium,Main Road,23.3,32.1
Saket,IGI Airport,11.0,Evening Peak,Weekday,Clear,Very High,Main Road,13.1,53.2
Kalkaji,AIIMS,5.39,Night,Weekday,Heatwave,Medium,Main Road,26.5,11.9
Mayur Vihar,Kalkaji,9.67,Afternoon,Weekday,Clear,High,Inner Road,9.8,60.9
IGI Airport,Janakpuri,7.4,Afternoon,Weekday,Rain,Medium,Main Road,27.1,16.8
Dwarka,Civil Lines,20.04,Morning Peak,Weekday,Fog,Very High,Main Road,7.8,171.1
Punjabi Bagh,Nehru Place,17.83,Morning Peak,Weekday,Clear,Very High,Main Road,12.5,83.6
Rohini,Pitampura,8.97,Morning Peak,Weekday,Heatwave,High,Main Road,19.3,27.6
Preet Vihar,Noida Sector 18,8.57,Afternoon,Weekday,Clear,Medium,Main Road,43.2,11.5
Okhla,Nehru Place,2.67,Morning Peak,Weekday,Clear,Medium,Inner Road,21.5,7.9
Karol Bagh,Preet Vihar,10.02,Afternoon,Weekday,Clear,Medium,Main Road,44.1,13.8
Rohini,Shahdara,24.21,Morning Peak,Weekday,Heatwave,Very High,Main Road,13.8,105.5
IGI Airport,AIIMS,10.81,Evening Peak,Weekend,Clear,Medium,Highway,62.7,10.2
Nehru Place,Okhla,2.67,Night,Weekday,Clear,Low,Main Road,50.5,3.2
Shahdara,IGI Airport,22.57,Evening Peak,Weekday,Heatwave,Very High,Highway,14.7,93.6
Nehru Place,Shahdara,14.22,Morning Peak,Weekday,Clear,High,Main Road,18.4,52.4
Hauz Khas,Preet Vihar,13.62,Afternoon,Weekend,Clear,Low,Highway,84.7,10.0
Mayur Vihar,Vasant Kunj,17.08,Evening Peak,Weekend,Heatwave,Very High,Main Road,9.7,108.6
AIIMS,Model Town,16.52,Morning Peak,Weekday,Clear,High,Main Road,20.1,51.8
AIIMS,Punjabi Bagh,13.63,Morning Peak,Weekday,Rain,Medium,Inner Road,15.1,56.2
Preet Vihar,Dwarka,24.67,Night,Weekday,Clear,Medium,Highway,64.5,25.6
Model Town,Rajouri Garden,10.2,Morning Peak,Weekday,Clear,Very High,Main Road,12.8,47.8
Mayur Vihar,Model Town,15.05,Morning Peak,Weekend,Clear,Medium,Highway,68.5,13.0
Pitampura,Rajouri Garden,6.43,Morning Peak,Weekend,Heatwave,Low,Main Road,32.6,11.8
Noida Sector 18,Janakpuri,23.96,Evening Peak,Weekday,Clear,High,Highway,41.0,36.4
AIIMS,IGI Airport,10.81,Morning Peak,Weekday,Clear,Very High,Highway,22.0,30.1
Karol Bagh,Nehru Place,12.97,Afternoon,Weekday,Clear,High,Inner Road,8.5,95.8
Connaught Place,Janakpuri,12.63,Afternoon,Weekday,Clear,Medium,Main Road,40.0,18.6
Model Town,Rohini,13.8,Morning Peak,Weekday,Clear,Very High,Highway,17.7,47.6
Chandni Chowk,Rohini,20.26,Morning Peak,Weekday,Clear,Very High,Highway,21.2,58.5
AIIMS,IGI Airport,10.81,Evening Peak,Weekend,Clear,Medium,Main Road,31.3,23.7
Noida Sector 18,Hauz Khas,12.51,Night,Weekday,Clear,Low,Main Road,40.3,18.4
Noida Sector 18,Janakpuri,23.96,Afternoon,Weekday,Clear,Low,Highway,76.1,18.5
Karol Bagh,Chandni Chowk,3.94,Evening Peak,Weekday,Clear,Very High,Inner Road,8.3,31.4
Civil Lines,Nehru Place,14.85,Evening Peak,Weekday,Clear,High,Highway,44.5,21.5
Okhla,Vasant Kunj,11.21,Evening Peak,Weekday,Fog,High,Main Road,14.1,50.6
Pitampura,Greater Kailash,20.1,Evening Peak,Weekday,Clear,Medium,Highway,68.2,17.3
Kalkaji,Pitampura,22.07,Night,Weekday,Heatwave,Low,Highway,76.7,17.6
